date,(UTC),Price
01/28/2017,15:50,86
01/28/2017,16:50,58
01/28/2017,17:50,48
01/28/2017,18:50,50
01/28/2017,19:50,39
01/28/2017,21:45,7
01/28/2017,15:45,41
01/28/2017,16:50,38
01/28/2017,17:50,32
01/28/2017,18:50,31
01/28/2017,19:50,25
01/28/2017,20:45,9
01/29/2017,10:25,32
01/29/2017,11:30,3
01/29/2017,12:30,0
01/29/2017,9:25,41
01/29/2017,10:25,79
01/29/2017,11:25,4
01/29/2017,9:25,51
01/30/2017,10:25,33
01/30/2017,11:30,57
01/30/2017,12:30,47
01/30/2017,13:35,61
01/30/2017,14:35,63
01/30/2017,15:50,71
01/30/2017,16:50,0
01/30/2017,17:50,23
01/30/2017,18:50,0
01/30/2017,19:50,0
01/30/2017,6:20,54
01/30/2017,7:20,81
01/30/2017,8:20,30
01/30/2017,9:25,52
01/30/2017,10:25,81
01/30/2017,11:25,41
01/30/2017,12:35,88
01/30/2017,13:35,53
01/30/2017,14:45,62
01/30/2017,15:45,46
01/30/2017,16:50,3
01/30/2017,17:50,5
01/30/2017,18:50,0
01/30/2017,19:50,0
01/30/2017,6:20,82
01/30/2017,7:20,41
01/30/2017,8:25,100
01/30/2017,9:25,73
02/05/2017,13:35,40
02/05/2017,14:35,36
02/05/2017,15:50,47
02/05/2017,16:50,34
02/05/2017,17:50,36
02/05/2017,18:50,25
02/05/2017,19:50,25
02/05/2017,21:45,25
02/05/2017,13:35,47
02/05/2017,14:45,61
02/05/2017,15:45,32
02/05/2017,16:50,31
02/05/2017,17:50,38
02/05/2017,18:50,49
02/05/2017,19:50,25
02/05/2017,20:45,16
02/06/2017,8:20,27
02/06/2017,9:25,25
02/06/2017,10:25,22
02/06/2017,11:30,34
02/06/2017,12:30,36
02/06/2017,13:35,51
02/06/2017,14:35,40
02/06/2017,15:50,60
02/06/2017,16:50,40
02/06/2017,17:50,30
02/06/2017,18:50,21
02/06/2017,19:50,15
02/06/2017,21:45,19
02/06/2017,8:25,61
02/06/2017,9:25,42
02/06/2017,10:25,48
02/06/2017,11:25,31
02/06/2017,12:35,61
02/06/2017,13:35,36
02/06/2017,14:45,39
02/06/2017,15:45,3
02/06/2017,16:50,21
02/06/2017,17:50,20
02/06/2017,18:50,26
02/06/2017,19:50,15
02/06/2017,20:45,8
02/07/2017,6:20,28
02/07/2017,7:20,42
02/07/2017,8:20,11
02/07/2017,9:25,21
02/07/2017,10:25,25
02/07/2017,11:30,45
02/07/2017,12:30,30
02/07/2017,13:35,36
02/07/2017,14:35,51
02/07/2017,15:50,65
02/07/2017,16:50,52
02/07/2017,17:50,40
02/07/2017,18:50,31
02/07/2017,19:50,31
02/07/2017,21:45,20
02/07/2017,6:20,61
02/07/2017,7:20,26
02/07/2017,8:25,69
02/07/2017,9:25,35
02/07/2017,10:25,56
02/07/2017,11:25,33
02/07/2017,12:35,56
02/07/2017,13:35,41
02/07/2017,14:45,32
02/07/2017,15:45,43
02/07/2017,16:50,28
02/07/2017,17:50,9
02/07/2017,18:50,25
02/07/2017,19:50,8
02/07/2017,20:45,10
02/08/2017,6:20,33
02/08/2017,7:20,50
02/08/2017,8:20,21
02/08/2017,9:25,28
02/08/2017,10:25,28
02/08/2017,11:30,35
02/08/2017,12:30,35
02/08/2017,13:35,66
02/08/2017,14:35,68
02/08/2017,15:50,81
02/08/2017,16:50,40
02/08/2017,17:50,31
02/08/2017,18:50,13
02/08/2017,19:50,22
02/08/2017,21:45,13
02/08/2017,6:20,51
02/08/2017,7:20,27
02/08/2017,8:25,73
02/08/2017,9:25,40
02/08/2017,10:25,55
02/08/2017,11:25,40
02/08/2017,12:35,57
02/08/2017,13:35,39
02/08/2017,14:45,33
02/08/2017,15:45,29
02/08/2017,16:50,18
02/08/2017,17:50,23
02/08/2017,18:50,18
02/08/2017,19:50,15
02/08/2017,20:45,5
02/09/2017,6:20,29
02/09/2017,7:20,51
02/09/2017,8:20,30
02/09/2017,9:25,27
02/09/2017,10:25,18
02/09/2017,11:30,40
02/09/2017,12:30,30
02/09/2017,13:35,50
02/09/2017,14:35,51
02/09/2017,15:50,60
02/09/2017,16:50,52
02/09/2017,17:50,51
02/09/2017,18:50,45
02/09/2017,19:50,37
02/09/2017,21:45,21
02/09/2017,6:20,27
02/09/2017,7:20,22
02/09/2017,8:25,40
02/09/2017,9:25,28
02/09/2017,10:25,42
02/09/2017,11:25,51
02/09/2017,12:35,75
02/09/2017,13:35,35
02/09/2017,14:45,47
02/09/2017,15:45,35
02/09/2017,16:50,37
02/09/2017,17:50,27
02/09/2017,18:50,26
02/09/2017,19:50,6
02/09/2017,20:45,8
02/10/2017,6:20,40
02/10/2017,7:20,50
02/10/2017,8:20,47
02/10/2017,9:25,56
02/10/2017,10:25,63
02/10/2017,11:30,66
02/10/2017,12:30,75
02/10/2017,13:35,96
02/10/2017,14:35,98
02/10/2017,15:50,100
02/10/2017,16:50,100
02/10/2017,17:50,100
02/10/2017,18:50,100
02/10/2017,19:50,100
02/10/2017,21:45,73
02/10/2017,6:20,53
02/10/2017,7:20,31
02/10/2017,8:25,70
02/10/2017,9:25,57
02/10/2017,10:25,78
02/10/2017,11:25,53
02/10/2017,12:35,96
02/10/2017,13:35,61
02/10/2017,14:45,46
02/10/2017,15:45,45
02/10/2017,16:50,62
02/10/2017,17:50,32
02/10/2017,18:50,27
02/10/2017,19:50,21
02/10/2017,20:45,11
02/11/2017,6:20,22
02/11/2017,7:20,43
02/11/2017,8:20,60
02/11/2017,9:25,100
02/11/2017,10:25,100
02/11/2017,11:30,100
02/11/2017,12:30,83
02/11/2017,13:35,70
02/11/2017,14:35,65
02/11/2017,15:50,81
02/11/2017,16:50,61
02/11/2017,17:50,52
02/11/2017,18:50,49
02/11/2017,19:50,36
02/11/2017,21:45,25
02/11/2017,6:20,27
02/11/2017,7:20,21
02/11/2017,8:25,71
02/11/2017,9:25,57
02/11/2017,10:25,83
02/11/2017,11:25,44
02/11/2017,12:35,50
02/11/2017,13:35,55
02/11/2017,14:45,40
02/11/2017,15:45,44
02/11/2017,16:50,46
02/11/2017,17:50,20
02/11/2017,18:50,30
02/11/2017,19:50,20
02/11/2017,20:45,10
02/12/2017,6:20,13
02/12/2017,7:20,21
02/12/2017,8:20,22
02/12/2017,9:25,56
02/12/2017,10:25,62
02/12/2017,11:30,52
02/12/2017,12:30,48
02/12/2017,13:35,62
02/12/2017,14:35,55
02/12/2017,15:50,72
02/12/2017,16:50,46
02/12/2017,17:50,62
02/12/2017,18:50,48
02/12/2017,19:50,38
02/12/2017,21:45,30
02/12/2017,6:20,17
02/12/2017,7:20,23
02/12/2017,8:25,35
02/12/2017,9:25,41
02/12/2017,10:25,61
02/12/2017,11:25,58
02/12/2017,12:35,62
02/12/2017,13:35,55
02/12/2017,14:45,78
02/12/2017,15:45,57
02/12/2017,16:50,68
02/12/2017,17:50,51
02/12/2017,18:50,51
02/12/2017,19:50,27
02/12/2017,20:45,15
02/13/2017,6:20,26
02/13/2017,7:20,3
02/13/2017,8:20,23
02/13/2017,9:25,38
02/13/2017,10:25,45
02/13/2017,11:30,51
02/13/2017,12:30,45
02/13/2017,13:35,48
02/13/2017,14:35,53
02/13/2017,15:50,81
02/13/2017,16:50,47
02/13/2017,17:50,53
02/13/2017,18:50,37
02/13/2017,19:50,43
02/13/2017,21:45,33
02/13/2017,6:20,22
02/13/2017,7:20,1
02/13/2017,8:25,46
02/13/2017,9:25,67
02/13/2017,10:25,100
02/13/2017,11:25,100
02/13/2017,12:35,100
02/13/2017,13:35,100
02/13/2017,14:45,100
02/13/2017,15:45,100
02/13/2017,16:50,100
02/13/2017,17:50,100
02/13/2017,18:50,100
02/13/2017,19:50,100
02/13/2017,20:45,51
02/14/2017,6:20,38
02/14/2017,7:20,95
02/14/2017,8:20,21
02/14/2017,9:25,47
02/14/2017,10:25,23
02/14/2017,11:30,46
02/14/2017,12:30,44
02/14/2017,13:35,61
02/14/2017,14:35,68
02/14/2017,15:50,88
02/14/2017,16:50,65
02/14/2017,17:50,45
02/14/2017,18:50,38
02/14/2017,19:50,33
02/14/2017,21:45,42
02/14/2017,6:20,100
02/14/2017,7:20,60
02/14/2017,8:25,100
02/14/2017,9:25,64
02/14/2017,10:25,100
02/14/2017,11:25,52
02/14/2017,12:35,90
02/14/2017,13:35,78
02/14/2017,14:45,57
02/14/2017,15:45,54
02/14/2017,16:50,40
02/14/2017,17:50,26
02/14/2017,18:50,48
02/14/2017,19:50,15
02/14/2017,20:45,11
02/15/2017,6:20,42
02/15/2017,7:20,71
02/15/2017,8:20,34
02/15/2017,9:25,53
02/15/2017,10:25,35
02/15/2017,11:30,52
02/15/2017,12:30,37
02/15/2017,13:35,76
02/15/2017,14:35,68
02/15/2017,15:50,74
02/15/2017,16:50,56
02/15/2017,17:50,53
02/15/2017,18:50,38
02/15/2017,19:50,28
02/15/2017,21:45,27
02/15/2017,6:20,78
02/15/2017,7:20,36
02/15/2017,8:25,100
02/15/2017,9:25,59
02/15/2017,10:25,77
02/15/2017,11:25,61
02/15/2017,12:35,80
02/15/2017,13:35,46
02/15/2017,14:45,49
02/15/2017,15:45,37
02/15/2017,16:50,42
02/15/2017,17:50,34
02/15/2017,18:50,32
02/15/2017,19:50,9
02/15/2017,20:45,14
02/16/2017,6:20,60
02/16/2017,7:20,60
02/16/2017,8:20,40
02/16/2017,9:25,63
02/16/2017,10:25,43
02/16/2017,11:30,43
02/16/2017,12:30,48
02/16/2017,13:35,67
02/16/2017,14:35,65
02/16/2017,15:50,100
02/16/2017,16:50,100
02/16/2017,17:50,62
02/16/2017,18:50,49
02/16/2017,19:50,42
02/16/2017,21:45,44
02/16/2017,6:20,75
02/16/2017,7:20,32
02/16/2017,8:25,95
02/16/2017,9:25,76
02/16/2017,10:25,93
02/16/2017,11:25,52
02/16/2017,12:35,72
02/16/2017,13:35,60
02/16/2017,14:45,56
02/16/2017,15:45,37
02/16/2017,16:50,49
02/16/2017,17:50,30
02/16/2017,18:50,40
02/16/2017,19:50,13
02/16/2017,20:45,13
02/17/2017,6:20,50
02/17/2017,7:20,45
02/17/2017,8:20,23
02/17/2017,9:25,55
02/17/2017,10:25,52
02/17/2017,11:30,73
02/17/2017,12:30,51
02/17/2017,13:35,83
02/17/2017,14:35,84
02/17/2017,15:50,100
02/17/2017,16:50,100
02/17/2017,17:50,100
02/17/2017,18:50,100
02/17/2017,19:50,61
02/17/2017,21:45,42
02/17/2017,6:20,54
02/17/2017,7:20,31
02/17/2017,8:25,91
02/17/2017,9:25,48
02/17/2017,10:25,80
02/17/2017,11:25,46
02/17/2017,12:35,74
02/17/2017,13:35,60
02/17/2017,14:45,54
02/17/2017,15:45,55
02/17/2017,16:50,47
02/17/2017,17:50,43
02/17/2017,18:50,38
02/17/2017,19:50,13
02/17/2017,20:45,15
02/18/2017,6:20,15
02/18/2017,7:20,46
02/18/2017,8:20,8
02/18/2017,9:25,10
02/18/2017,10:25,73
02/18/2017,11:30,5
02/18/2017,12:30,5
02/18/2017,15:50,82
02/18/2017,16:50,0
02/18/2017,17:50,78
02/18/2017,18:50,48
02/18/2017,19:50,44
02/18/2017,21:45,33
02/18/2017,6:20,34
02/18/2017,7:20,37
02/18/2017,8:25,0
02/18/2017,9:25,1
02/18/2017,10:25,100
02/18/2017,11:25,3
02/18/2017,12:35,1
02/18/2017,15:45,43
02/18/2017,16:50,0
02/18/2017,17:50,45
02/18/2017,18:50,37
02/18/2017,19:50,26
02/18/2017,20:45,1
02/19/2017,13:35,66
02/19/2017,14:35,72
02/19/2017,15:50,97
02/19/2017,16:50,78
02/19/2017,17:50,75
02/19/2017,18:50,50
02/19/2017,19:50,47
02/19/2017,21:45,28
02/19/2017,8:20,21
02/19/2017,9:25,2
02/19/2017,10:25,41
02/19/2017,11:30,39
02/19/2017,12:30,60
02/19/2017,13:35,10
02/19/2017,14:35,1
02/19/2017,15:50,0
02/19/2017,13:35,81
02/19/2017,14:45,100
02/19/2017,15:45,91
02/19/2017,16:50,72
02/19/2017,17:50,46
02/19/2017,18:50,72
02/19/2017,19:50,38
02/19/2017,20:45,23
02/19/2017,8:25,54
02/19/2017,9:25,2
02/19/2017,10:25,97
02/19/2017,11:25,80
02/19/2017,12:35,96
02/19/2017,13:35,6
02/19/2017,14:45,12
02/19/2017,15:45,12
02/20/2017,6:20,60
02/20/2017,7:20,93
02/20/2017,8:20,30
02/20/2017,9:25,47
02/20/2017,10:25,39
02/20/2017,11:30,58
02/20/2017,12:30,51
02/20/2017,13:35,88
02/20/2017,14:35,53
02/20/2017,15:50,79
02/20/2017,16:50,53
02/20/2017,17:50,56
02/20/2017,18:50,33
02/20/2017,19:50,37
02/20/2017,21:45,28
02/20/2017,6:20,100
02/20/2017,7:20,46
02/20/2017,8:25,100
02/20/2017,9:25,73
02/20/2017,10:25,82
02/20/2017,11:25,55
02/20/2017,12:35,71
02/20/2017,13:35,69
02/20/2017,14:45,47
02/20/2017,15:45,53
02/20/2017,16:50,40
02/20/2017,17:50,28
02/20/2017,18:50,40
02/20/2017,19:50,17
02/20/2017,20:45,20
02/21/2017,6:20,36
02/21/2017,7:20,76
02/21/2017,8:20,33
02/21/2017,9:25,45
02/21/2017,10:25,52
02/21/2017,11:30,54
02/21/2017,12:30,38
02/21/2017,13:35,68
02/21/2017,14:35,61
02/21/2017,15:50,84
02/21/2017,16:50,68
02/21/2017,17:50,51
02/21/2017,18:50,36
02/21/2017,19:50,33
02/21/2017,21:45,33
02/21/2017,6:20,73
02/21/2017,7:20,43
02/21/2017,8:25,100
02/21/2017,9:25,60
02/21/2017,10:25,89
02/21/2017,11:25,49
02/21/2017,12:35,87
02/21/2017,13:35,58
02/21/2017,14:45,48
02/21/2017,15:45,56
02/21/2017,16:50,45
02/21/2017,17:50,41
02/21/2017,18:50,37
02/21/2017,19:50,10
02/21/2017,20:45,14
02/22/2017,6:20,62
02/22/2017,7:20,74
02/22/2017,8:20,43
02/22/2017,9:25,57
02/22/2017,10:25,38
02/22/2017,11:30,62
02/22/2017,12:30,47
02/22/2017,13:35,78
02/22/2017,14:35,65
02/22/2017,15:50,83
02/22/2017,16:50,60
02/22/2017,17:50,52
02/22/2017,18:50,45
02/22/2017,19:50,41
02/22/2017,21:45,32
02/22/2017,6:20,83
02/22/2017,7:20,42
02/22/2017,8:25,92
02/22/2017,9:25,61
02/22/2017,10:25,78
02/22/2017,11:25,55
02/22/2017,12:35,73
02/22/2017,13:35,58
02/22/2017,14:45,55
02/22/2017,15:45,41
02/22/2017,16:50,42
02/22/2017,17:50,31
02/22/2017,18:50,41
02/22/2017,19:50,15
02/22/2017,20:45,18
02/23/2017,6:20,62
02/23/2017,7:20,80
02/23/2017,8:20,46
02/23/2017,9:25,50
02/23/2017,10:25,43
02/23/2017,11:30,58
02/23/2017,12:30,61
02/23/2017,13:35,71
02/23/2017,14:35,79
02/23/2017,15:50,92
02/23/2017,16:50,87
02/23/2017,17:50,72
02/23/2017,18:50,65
02/23/2017,19:50,65
02/23/2017,21:45,46
02/23/2017,6:20,67
02/23/2017,7:20,50
02/23/2017,8:25,100
02/23/2017,9:25,70
02/23/2017,10:25,98
02/23/2017,11:25,35
02/23/2017,12:35,96
02/23/2017,13:35,88
02/23/2017,14:45,48
02/23/2017,15:45,57
02/23/2017,16:50,55
02/23/2017,17:50,36
02/23/2017,18:50,67
02/23/2017,19:50,17
02/23/2017,20:45,16
02/24/2017,6:20,47
02/24/2017,7:20,42
02/24/2017,8:20,39
02/24/2017,9:25,41
02/24/2017,10:25,43
02/24/2017,11:30,60
02/24/2017,12:30,59
02/24/2017,13:35,80
02/24/2017,14:35,91
02/24/2017,15:50,100
02/24/2017,16:50,100
02/24/2017,17:50,100
02/24/2017,18:50,82
02/24/2017,19:50,56
02/24/2017,21:45,58
02/24/2017,6:20,61
02/24/2017,7:20,33
02/24/2017,8:25,84
02/24/2017,9:25,59
02/24/2017,10:25,89
02/24/2017,11:25,56
02/24/2017,12:35,91
02/24/2017,13:35,71
02/24/2017,14:45,60
02/24/2017,15:45,66
02/24/2017,16:50,60
02/24/2017,17:50,39
02/24/2017,18:50,57
02/24/2017,19:50,20
02/24/2017,20:45,18
02/25/2017,6:20,20
02/25/2017,7:20,51
02/25/2017,8:20,38
02/25/2017,9:25,85
02/25/2017,10:25,67
02/25/2017,11:30,58
02/25/2017,12:30,41
02/25/2017,13:35,66
02/25/2017,14:35,58
02/25/2017,15:50,89
02/25/2017,16:50,59
02/25/2017,17:50,51
02/25/2017,18:50,38
02/25/2017,19:50,43
02/25/2017,21:45,30
02/25/2017,6:20,27
02/25/2017,7:20,26
02/25/2017,8:25,67
02/25/2017,9:25,57
02/25/2017,10:25,100
02/25/2017,11:25,55
02/25/2017,12:35,59
02/25/2017,13:35,47
02/25/2017,14:45,48
02/25/2017,15:45,58
02/25/2017,16:50,52
02/25/2017,17:50,41
02/25/2017,18:50,42
02/25/2017,19:50,30
02/25/2017,20:45,15
02/26/2017,6:20,11
02/26/2017,7:20,11
02/26/2017,8:20,26
02/26/2017,9:25,30
02/26/2017,10:25,47
02/26/2017,11:30,42
02/26/2017,12:30,43
02/26/2017,13:35,79
02/26/2017,14:35,56
02/26/2017,15:50,93
02/26/2017,16:50,53
02/26/2017,17:50,65
02/26/2017,18:50,52
02/26/2017,19:50,65
02/26/2017,21:45,37
02/26/2017,6:20,24
02/26/2017,7:20,20
02/26/2017,8:25,42
02/26/2017,9:25,57
02/26/2017,10:25,68
02/26/2017,11:25,58
02/26/2017,12:35,89
02/26/2017,13:35,81
02/26/2017,14:45,100
02/26/2017,15:45,89
02/26/2017,16:50,86
02/26/2017,17:50,68
02/26/2017,18:50,83
02/26/2017,19:50,35
02/26/2017,20:45,30
02/27/2017,6:20,74
02/27/2017,7:20,70
02/27/2017,8:20,37
02/27/2017,9:25,68
02/27/2017,10:25,42
02/27/2017,11:30,65
02/27/2017,12:30,55
02/27/2017,13:35,72
02/27/2017,14:35,49
02/27/2017,15:50,69
02/27/2017,16:50,58
02/27/2017,17:50,3
02/27/2017,18:50,38
02/27/2017,19:50,32
02/27/2017,21:45,24
02/27/2017,6:20,100
02/27/2017,7:20,40
02/27/2017,8:25,84
02/27/2017,9:25,71
02/27/2017,10:25,92
02/27/2017,11:25,61
02/27/2017,12:35,85
02/27/2017,13:35,75
02/27/2017,14:45,51
02/27/2017,15:45,43
02/27/2017,16:50,45
02/27/2017,17:50,0
02/27/2017,18:50,34
02/27/2017,19:50,14
02/27/2017,20:45,16
02/28/2017,6:20,52
02/28/2017,7:20,49
02/28/2017,8:20,21
02/28/2017,9:25,39
02/28/2017,10:25,27
02/28/2017,11:30,55
02/28/2017,12:30,61
02/28/2017,13:35,64
02/28/2017,14:35,72
02/28/2017,15:50,87
02/28/2017,16:50,65
02/28/2017,17:50,43
02/28/2017,18:50,57
02/28/2017,19:50,41
02/28/2017,21:45,31
02/28/2017,6:20,81
02/28/2017,7:20,28
02/28/2017,8:25,93
02/28/2017,9:25,71
02/28/2017,10:25,82
02/28/2017,11:25,53
02/28/2017,12:35,62
02/28/2017,13:35,51
02/28/2017,14:45,58
02/28/2017,15:45,30
02/28/2017,16:50,39
02/28/2017,17:50,37
02/28/2017,18:50,32
02/28/2017,19:50,18
02/28/2017,20:45,18
03/01/2017,6:20,52
03/01/2017,7:20,57
03/01/2017,8:20,29
03/01/2017,9:25,52
03/01/2017,10:25,41
03/01/2017,11:30,58
03/01/2017,12:30,54
03/01/2017,13:35,82
03/01/2017,14:35,68
03/01/2017,15:50,85
03/01/2017,16:50,72
03/01/2017,17:50,54
03/01/2017,18:50,37
03/01/2017,19:50,36
03/01/2017,21:45,38
03/01/2017,6:20,67
03/01/2017,7:20,38
03/01/2017,8:25,100
03/01/2017,9:25,65
03/01/2017,10:25,70
03/01/2017,11:25,52
03/01/2017,12:35,86
03/01/2017,13:35,66
03/01/2017,14:45,29
03/01/2017,15:45,47
03/01/2017,16:50,36
03/01/2017,17:50,50
03/01/2017,18:50,32
03/01/2017,19:50,13
03/01/2017,20:45,20
03/02/2017,6:20,56
03/02/2017,7:20,65
03/02/2017,8:20,43
03/02/2017,9:25,46
03/02/2017,10:25,38
03/02/2017,11:30,55
03/02/2017,12:30,47
03/02/2017,13:35,94
03/02/2017,14:35,75
03/02/2017,15:50,85
03/02/2017,16:50,82
03/02/2017,17:50,61
03/02/2017,18:50,41
03/02/2017,19:50,47
03/02/2017,21:45,37
03/02/2017,6:20,60
03/02/2017,7:20,46
03/02/2017,8:25,89
03/02/2017,9:25,71
03/02/2017,10:25,85
03/02/2017,11:25,46
03/02/2017,12:35,92
03/02/2017,13:35,63
03/02/2017,14:45,62
03/02/2017,15:45,52
03/02/2017,16:50,36
03/02/2017,17:50,29
03/02/2017,18:50,50
03/02/2017,19:50,14
03/02/2017,20:45,17
03/03/2017,6:20,31
03/03/2017,7:20,46
03/03/2017,8:20,28
03/03/2017,9:25,64
03/03/2017,10:25,41
03/03/2017,11:30,58
03/03/2017,12:30,68
03/03/2017,13:35,80
03/03/2017,14:35,85
03/03/2017,15:50,100
03/03/2017,16:50,100
03/03/2017,17:50,100
03/03/2017,18:50,100
03/03/2017,19:50,65
03/03/2017,21:45,52
03/03/2017,6:20,65
03/03/2017,7:20,27
03/03/2017,8:25,71
03/03/2017,9:25,59
03/03/2017,10:25,100
03/03/2017,11:25,68
03/03/2017,12:35,70
03/03/2017,13:35,61
03/03/2017,14:45,54
03/03/2017,15:45,61
03/03/2017,16:50,56
03/03/2017,17:50,43
03/03/2017,18:50,52
03/03/2017,19:50,22
03/03/2017,20:45,17
03/04/2017,7:20,48
03/04/2017,8:20,72
03/04/2017,9:25,84
03/04/2017,10:25,47
03/04/2017,11:30,57
03/04/2017,12:30,42
03/04/2017,13:35,2
03/04/2017,14:35,2
03/04/2017,17:50,56
03/04/2017,18:50,36
03/04/2017,19:50,36
03/04/2017,21:45,43
03/04/2017,6:20,37
03/04/2017,7:20,30
03/04/2017,8:25,66
03/04/2017,9:25,67
03/04/2017,10:25,78
03/04/2017,11:25,45
03/04/2017,12:35,65
03/04/2017,13:35,1
03/04/2017,14:45,0
03/04/2017,17:50,33
03/04/2017,18:50,38
03/04/2017,19:50,27
03/04/2017,20:45,18
03/05/2017,6:20,12
03/05/2017,7:20,12
03/05/2017,8:20,15
03/05/2017,9:25,36
03/05/2017,10:25,30
03/05/2017,11:30,52
03/05/2017,12:30,45
03/05/2017,13:35,59
03/05/2017,14:35,52
03/05/2017,15:50,90
03/05/2017,16:50,66
03/05/2017,17:50,65
03/05/2017,18:50,42
03/05/2017,19:50,58
03/05/2017,21:45,32
03/05/2017,6:20,18
03/05/2017,7:20,10
03/05/2017,8:25,33
03/05/2017,9:25,40
03/05/2017,10:25,70
03/05/2017,11:25,63
03/05/2017,12:35,72
03/05/2017,13:35,78
03/05/2017,14:45,83
03/05/2017,15:45,82
03/05/2017,16:50,86
03/05/2017,17:50,58
03/05/2017,18:50,75
03/05/2017,19:50,56
03/05/2017,20:45,37
03/06/2017,6:20,53
03/06/2017,7:20,75
03/06/2017,8:20,37
03/06/2017,9:25,54
03/06/2017,10:25,45
03/06/2017,11:30,55
03/06/2017,12:30,60
03/06/2017,13:35,69
03/06/2017,14:35,51
03/06/2017,15:50,72
03/06/2017,16:50,48
03/06/2017,17:50,41
03/06/2017,18:50,26
03/06/2017,19:50,31
03/06/2017,21:45,45
03/06/2017,6:20,100
03/06/2017,7:20,42
03/06/2017,8:25,84
03/06/2017,9:25,63
03/06/2017,10:25,79
03/06/2017,11:25,38
03/06/2017,12:35,76
03/06/2017,13:35,71
03/06/2017,14:45,51
03/06/2017,15:45,37
03/06/2017,16:50,27
03/06/2017,17:50,26
03/06/2017,18:50,37
03/06/2017,19:50,18
03/06/2017,20:45,12
03/07/2017,6:20,50
03/07/2017,7:20,62
03/07/2017,8:20,68
03/07/2017,9:25,39
03/07/2017,10:25,40
03/07/2017,11:30,41
03/07/2017,12:30,3
03/07/2017,13:35,52
03/07/2017,14:35,0
03/07/2017,15:50,88
03/07/2017,16:50,68
03/07/2017,17:50,45
03/07/2017,18:50,36
03/07/2017,19:50,53
03/07/2017,21:45,33
03/07/2017,6:20,69
03/07/2017,7:20,33
03/07/2017,8:25,88
03/07/2017,9:25,65
03/07/2017,10:25,65
03/07/2017,11:25,43
03/07/2017,12:35,63
03/07/2017,13:35,58
03/07/2017,14:45,40
03/07/2017,15:45,35
03/07/2017,16:50,37
03/07/2017,17:50,28
03/07/2017,18:50,28
03/07/2017,19:50,8
03/07/2017,20:45,20
03/08/2017,6:20,60
03/08/2017,7:20,56
03/08/2017,8:20,21
03/08/2017,9:25,57
03/08/2017,10:25,46
03/08/2017,11:30,45
03/08/2017,12:30,52
03/08/2017,13:35,62
03/08/2017,14:35,63
03/08/2017,15:50,94
03/08/2017,16:50,55
03/08/2017,17:50,48
03/08/2017,18:50,36
03/08/2017,19:50,47
03/08/2017,21:45,27
03/08/2017,6:20,88
03/08/2017,7:20,37
03/08/2017,8:25,83
03/08/2017,9:25,61
03/08/2017,10:25,74
03/08/2017,11:25,59
03/08/2017,12:35,63
03/08/2017,13:35,52
03/08/2017,14:45,56
03/08/2017,15:45,63
03/08/2017,16:50,41
03/08/2017,17:50,25
03/08/2017,18:50,30
03/08/2017,19:50,12
03/08/2017,20:45,20
03/09/2017,6:20,63
03/09/2017,7:20,61
03/09/2017,8:20,32
03/09/2017,9:25,53
03/09/2017,10:25,39
03/09/2017,11:30,58
03/09/2017,12:30,43
03/09/2017,13:35,13
03/09/2017,14:35,73
03/09/2017,15:50,100
03/09/2017,16:50,89
03/09/2017,17:50,63
03/09/2017,18:50,48
03/09/2017,19:50,40
03/09/2017,21:45,47
03/09/2017,6:20,87
03/09/2017,7:20,44
03/09/2017,8:25,100
03/09/2017,9:25,82
03/09/2017,10:25,91
03/09/2017,11:25,49
03/09/2017,12:35,82
03/09/2017,13:35,0
03/09/2017,14:45,46
03/09/2017,15:45,63
03/09/2017,16:50,51
03/09/2017,17:50,39
03/09/2017,18:50,50
03/09/2017,19:50,11
03/09/2017,20:45,16
03/10/2017,6:20,45
03/10/2017,7:20,42
03/10/2017,8:20,31
03/10/2017,9:25,57
03/10/2017,10:25,68
03/10/2017,11:30,67
03/10/2017,12:30,73
03/10/2017,13:35,94
03/10/2017,14:35,82
03/10/2017,15:50,100
03/10/2017,16:50,100
03/10/2017,17:50,99
03/10/2017,18:50,73
03/10/2017,19:50,64
03/10/2017,21:45,42
03/10/2017,6:20,68
03/10/2017,7:20,29
03/10/2017,8:25,72
03/10/2017,9:25,56
03/10/2017,10:25,92
03/10/2017,11:25,64
03/10/2017,12:35,82
03/10/2017,13:35,80
03/10/2017,14:45,44
03/10/2017,15:45,57
03/10/2017,16:50,63
03/10/2017,17:50,44
03/10/2017,18:50,53
03/10/2017,19:50,13
03/10/2017,20:45,20
03/11/2017,6:20,29
03/11/2017,7:20,43
03/11/2017,8:20,40
03/11/2017,9:25,87
03/11/2017,10:25,67
03/11/2017,11:30,80
03/11/2017,12:30,51
03/11/2017,13:35,72
03/11/2017,14:35,57
03/11/2017,15:50,68
03/11/2017,16:50,52
03/11/2017,17:50,76
03/11/2017,18:50,48
03/11/2017,19:50,46
03/11/2017,21:45,35
03/11/2017,6:20,37
03/11/2017,7:20,37
03/11/2017,8:25,96
03/11/2017,9:25,81
03/11/2017,10:25,100
03/11/2017,11:25,59
03/11/2017,12:35,68
03/11/2017,13:35,46
03/11/2017,14:45,51
03/11/2017,15:45,48
03/11/2017,16:50,37
03/11/2017,17:50,36
03/11/2017,18:50,32
03/11/2017,19:50,13
03/11/2017,20:45,15
03/12/2017,6:20,11
03/12/2017,7:20,11
03/12/2017,8:20,13
03/12/2017,9:25,41
03/12/2017,10:25,42
03/12/2017,11:30,53
03/12/2017,12:30,52
03/12/2017,13:35,74
03/12/2017,14:35,61
03/12/2017,15:50,92
03/12/2017,16:50,81
03/12/2017,17:50,73
03/12/2017,18:50,41
03/12/2017,19:50,60
03/12/2017,21:45,46
03/12/2017,6:20,18
03/12/2017,7:20,12
03/12/2017,8:25,49
03/12/2017,9:25,40
03/12/2017,10:25,80
03/12/2017,11:25,60
03/12/2017,12:35,86
03/12/2017,13:35,88
03/12/2017,14:45,86
03/12/2017,15:45,81
03/12/2017,16:50,80
03/12/2017,17:50,51
03/12/2017,18:50,63
03/12/2017,19:50,32
03/12/2017,20:45,41
03/13/2017,6:20,57
03/13/2017,7:20,94
03/13/2017,8:20,42
03/13/2017,9:25,73
03/13/2017,10:25,55
03/13/2017,11:30,79
03/13/2017,12:30,57
03/13/2017,13:35,88
03/13/2017,14:35,67
03/13/2017,15:50,87
03/13/2017,16:50,51
03/13/2017,17:50,58
03/13/2017,18:50,43
03/13/2017,19:50,44
03/13/2017,21:45,25
03/13/2017,6:20,100
03/13/2017,7:20,61
03/13/2017,8:25,85
03/13/2017,9:25,53
03/13/2017,10:25,95
03/13/2017,11:25,56
03/13/2017,12:35,70
03/13/2017,13:35,72
03/13/2017,14:45,58
03/13/2017,15:45,59
03/13/2017,16:50,57
03/13/2017,17:50,23
03/13/2017,18:50,32
03/13/2017,19:50,26
03/13/2017,20:45,18
03/14/2017,6:20,53
03/14/2017,7:20,48
03/14/2017,8:20,27
03/14/2017,9:25,45
03/14/2017,10:25,50
03/14/2017,11:30,53
03/14/2017,12:30,47
03/14/2017,13:35,92
03/14/2017,14:35,87
03/14/2017,15:50,86
03/14/2017,16:50,72
03/14/2017,17:50,56
03/14/2017,18:50,53
03/14/2017,19:50,50
03/14/2017,21:45,40
03/14/2017,6:20,93
03/14/2017,7:20,38
03/14/2017,8:25,100
03/14/2017,9:25,74
03/14/2017,10:25,92
03/14/2017,11:25,65
03/14/2017,12:35,83
03/14/2017,13:35,71
03/14/2017,14:45,54
03/14/2017,15:45,52
03/14/2017,16:50,40
03/14/2017,17:50,34
03/14/2017,18:50,42
03/14/2017,19:50,20
03/14/2017,20:45,17
03/15/2017,6:20,62
03/15/2017,7:20,63
03/15/2017,8:20,34
03/15/2017,9:25,56
03/15/2017,10:25,44
03/15/2017,11:30,51
03/15/2017,12:30,58
03/15/2017,13:35,81
03/15/2017,14:35,74
03/15/2017,15:50,100
03/15/2017,16:50,84
03/15/2017,17:50,63
03/15/2017,18:50,46
03/15/2017,19:50,54
03/15/2017,21:45,33
03/15/2017,6:20,71
03/15/2017,7:20,33
03/15/2017,8:25,100
03/15/2017,9:25,93
03/15/2017,10:25,78
03/15/2017,11:25,65
03/15/2017,12:35,83
03/15/2017,13:35,60
03/15/2017,14:45,46
03/15/2017,15:45,56
03/15/2017,16:50,50
03/15/2017,17:50,36
03/15/2017,18:50,44
03/15/2017,19:50,18
03/15/2017,20:45,18
03/16/2017,6:20,65
03/16/2017,7:20,68
03/16/2017,8:20,45
03/16/2017,9:25,70
03/16/2017,10:25,45
03/16/2017,11:30,53
03/16/2017,12:30,61
03/16/2017,13:35,92
03/16/2017,14:35,97
03/16/2017,15:50,100
03/16/2017,16:50,97
03/16/2017,17:50,69
03/16/2017,18:50,65
03/16/2017,19:50,49
03/16/2017,21:45,40
03/16/2017,6:20,75
03/16/2017,7:20,47
03/16/2017,8:25,100
03/16/2017,9:25,76
03/16/2017,10:25,100
03/16/2017,11:25,79
03/16/2017,12:35,100
03/16/2017,13:35,100
03/16/2017,14:45,71
03/16/2017,15:45,64
03/16/2017,16:50,57
03/16/2017,17:50,40
03/16/2017,18:50,26
03/16/2017,19:50,32
03/16/2017,20:45,14
03/17/2017,6:20,49
03/17/2017,7:20,55
03/17/2017,8:20,41
03/17/2017,9:25,57
03/17/2017,10:25,81
03/17/2017,11:30,65
03/17/2017,12:30,85
03/17/2017,13:35,100
03/17/2017,14:35,100
03/17/2017,15:50,100
03/17/2017,16:50,100
03/17/2017,17:50,100
03/17/2017,18:50,100
03/17/2017,19:50,68
03/17/2017,21:45,40
03/17/2017,6:20,58
03/17/2017,7:20,38
03/17/2017,8:25,87
03/17/2017,9:25,77
03/17/2017,10:25,97
03/17/2017,11:25,70
03/17/2017,12:35,100
03/17/2017,13:35,77
03/17/2017,14:45,91
03/17/2017,15:45,65
03/17/2017,16:50,56
03/17/2017,17:50,50
03/17/2017,18:50,60
03/17/2017,19:50,16
03/17/2017,20:45,13
03/18/2017,6:20,35
03/18/2017,7:20,51
03/18/2017,8:20,61
03/18/2017,9:25,100
03/18/2017,10:25,100
03/18/2017,11:30,100
03/18/2017,12:30,85
03/18/2017,13:35,78
03/18/2017,14:35,63
03/18/2017,15:50,90
03/18/2017,16:50,60
03/18/2017,17:50,66
03/18/2017,18:50,60
03/18/2017,19:50,45
03/18/2017,21:45,47
03/18/2017,6:20,43
03/18/2017,7:20,37
03/18/2017,8:25,68
03/18/2017,9:25,63
03/18/2017,10:25,87
03/18/2017,11:25,65
03/18/2017,12:35,69
03/18/2017,13:35,61
03/18/2017,14:45,58
03/18/2017,15:45,45
03/18/2017,16:50,51
03/18/2017,17:50,38
03/18/2017,18:50,33
03/18/2017,19:50,19
03/18/2017,20:45,18
03/19/2017,6:20,11
03/19/2017,7:20,20
03/19/2017,8:20,47
03/19/2017,9:25,69
03/19/2017,10:25,68
03/19/2017,11:30,65
03/19/2017,12:30,63
03/19/2017,13:35,80
03/19/2017,14:35,70
03/19/2017,15:50,100
03/19/2017,16:50,83
03/19/2017,17:50,78
03/19/2017,18:50,53
03/19/2017,19:50,61
03/19/2017,21:45,28
03/19/2017,6:20,29
03/19/2017,7:20,21
03/19/2017,8:25,47
03/19/2017,9:25,48
03/19/2017,10:25,85
03/19/2017,11:25,56
03/19/2017,12:35,100
03/19/2017,13:35,94
03/19/2017,14:45,100
03/19/2017,15:45,100
03/19/2017,16:50,100
03/19/2017,17:50,100
03/19/2017,18:50,100
03/19/2017,19:50,66
03/19/2017,20:45,40
03/20/2017,7:20,100
03/20/2017,8:05,100
03/20/2017,9:25,87
03/20/2017,10:15,100
03/20/2017,11:30,75
03/20/2017,12:25,100
03/20/2017,13:35,75
03/20/2017,14:35,77
03/20/2017,15:50,100
03/20/2017,16:50,100
03/20/2017,17:50,100
03/20/2017,19:05,75
03/20/2017,19:50,11
03/20/2017,21:45,11
03/20/2017,6:20,100
03/20/2017,7:00,47
03/20/2017,8:25,100
03/20/2017,9:10,100
03/20/2017,10:25,100
03/20/2017,11:20,100
03/20/2017,12:35,100
03/20/2017,13:30,100
03/20/2017,14:45,100
03/20/2017,15:45,100
03/20/2017,16:50,100
03/20/2017,17:55,100
03/20/2017,18:50,38
03/20/2017,20:10,24
03/20/2017,20:45,0
03/21/2017,7:20,70
03/21/2017,8:05,13
03/21/2017,9:25,57
03/21/2017,10:15,63
03/21/2017,11:30,90
03/21/2017,12:25,66
03/21/2017,13:35,67
03/21/2017,14:35,100
03/21/2017,15:50,3
03/21/2017,16:50,1
03/21/2017,6:20,93
03/21/2017,7:00,2
03/21/2017,8:25,100
03/21/2017,9:10,32
03/21/2017,10:25,100
03/21/2017,11:20,100
03/21/2017,12:35,100
03/21/2017,13:30,100
03/21/2017,14:45,76
03/21/2017,15:45,1
03/21/2017,16:50,2
